[{"Product ID":"6393352093","Category":"food","Product Name":"백산수 무라벨 생수, 2L, 12개","Price":"10,320","Delivery":"내일(화) 도착 보장","Product URL":"https:\/\/www.coupang.com\/vp\/products\/6393352093?itemId=19953705820&vendorItemId=86494109740&sourceType=CATEGORY&categoryId=194176"},{"Product ID":"7139315300","Category":"food","Product Name":"큐원 하얀설탕 3kg, 2개","Price":"18,500","Delivery":"6\/13(목) 도착 예정","Product URL":"https:\/\/www.coupang.com\/vp\/products\/7139315300?itemId=21513458642&vendorItemId=71213614053&sourceType=CATEGORY&categoryId=194176"},{"Product ID":"7431508110","Category":"food","Product Name":"고려은단 비타민C 1000 + 쇼핑백, 180정, 1개","Price":"18,000","Delivery":"내일(화) 도착 보장","Product URL":"https:\/\/www.coupang.com\/vp\/products\/7431508110?itemId=21006344523&vendorItemId=3000235591&sourceType=CATEGORY&categoryId=194176"},{"Product ID":"7405145082","Category":"food","Product Name":"제트스카이 펩시콜라 제로, 24개, 355ml","Price":"10,350","Delivery":"모레(수) 도착 예정","Product URL":"https:\/\/www.coupang.com\/vp\/products\/7405145082?itemId=12883148805&vendorItemId=87040559225&sourceType=CATEGORY&categoryId=194176"},{"Product ID":"6239512369","Category":"food","Product Name":"풀무원샘물 무라벨 생수, 500ml, 40개","Price":"10,260","Delivery":"내일(화) 도착 보장","Product URL":"https:\/\/www.coupang.com\/vp\/products\/6239512369?itemId=17219261165&vendorItemId=86494127148&sourceType=CATEGORY&categoryId=194176"},{"Product ID":"7251153411","Category":"food","Product Name":"당도선별 11brix 수박, 5kg미만, 1개","Price":"14,500","Delivery":"내일(화) 새벽 도착 보장","Product URL":"https:\/\/www.coupang.com\/vp\/products\/7251153411?itemId=18445851054&vendorItemId=85586788457&sourceType=CATEGORY&categoryId=194176"},{"Product ID":"6006314977","Category":"food","Product Name":"곰곰 꿀고구마, 1.5kg, 1개","Price":"9,600","Delivery":"내일(화) 새벽 도착 보장","Product URL":"https:\/\/www.coupang.com\/vp\/products\/6006314977?itemId=1036057927&vendorItemId=5489327048&sourceType=CATEGORY&categoryId=194176"},{"Product ID":"1881067803","Category":"food","Product Name":"아카페라 심플리 아메리카노 커피, 400ml, 20개","Price":"20,900","Delivery":"내일(화) 도착 보장","Product URL":"https:\/\/www.coupang.com\/vp\/products\/1881067803?itemId=3196535492&vendorItemId=71183937349&sourceType=CATEGORY&categoryId=194176"},{"Product ID":"7777553121","Category":"food","Product Name":"아카페라 심플리 디카페인 아메리카노 커피, 400ml, 400ml, 20개","Price":"27,170","Delivery":"6\/13(목) 도착 예정","Product URL":"https:\/\/www.coupang.com\/vp\/products\/7777553121?itemId=3196535478&vendorItemId=86078770674&sourceType=CATEGORY&categoryId=194176"},{"Product ID":"7525033092","Category":"food","Product Name":"맥심 모카골드 마일드 커피믹스, 12g, 160개입, 1박스","Price":"21,850","Delivery":"내일(화) 도착 보장","Product URL":"https:\/\/www.coupang.com\/vp\/products\/7525033092?itemId=17657253101&vendorItemId=71030128009&sourceType=CATEGORY&categoryId=194176"},{"Product ID":"7692198836","Category":"food","Product Name":"청정원 순창 양념듬뿍쌈장 500, 500g, 1개","Price":"7,760","Delivery":"6\/14(금) 도착 예정","Product URL":"https:\/\/www.coupang.com\/vp\/products\/7692198836?itemId=21321534671&vendorItemId=73596735033&sourceType=CATEGORY&categoryId=194176"},{"Product ID":"7666070794","Category":"food","Product Name":"제주삼다수 그린, 500ml, 40개","Price":"17,300","Delivery":"내일(화) 도착 보장","Product URL":"https:\/\/www.coupang.com\/vp\/products\/7666070794?itemId=14842822781&vendorItemId=86469902027&sourceType=CATEGORY&categoryId=194176"},{"Product ID":"7666070794","Category":"food","Product Name":"제주삼다수 그린 무라벨, 2L, 12개","Price":"11,950","Delivery":"내일(화) 도착 보장","Product URL":"https:\/\/www.coupang.com\/vp\/products\/7666070794?itemId=22055326688&vendorItemId=86478559145&sourceType=CATEGORY&categoryId=194176"},{"Product ID":"6101896267","Category":"food","Product Name":"곰곰 달콤한 스테비아 대추방울토마토, 1kg, 1팩","Price":"9,960","Delivery":"내일(화) 새벽 도착 보장","Product URL":"https:\/\/www.coupang.com\/vp\/products\/6101896267?itemId=11440236121&vendorItemId=78715723909&sourceType=CATEGORY&categoryId=194176"},{"Product ID":"7584665801","Category":"food","Product Name":"슈가푸드 비정제원당 비정제설탕 원당 사탕수수당 (슈가푸드), 10kg, 1개","Price":"22,000","Delivery":"내일(화) 도착 보장","Product URL":"https:\/\/www.coupang.com\/vp\/products\/7584665801?itemId=20028770454&vendorItemId=87551849292&sourceType=CATEGORY&categoryId=194176"},{"Product ID":"988704","Category":"food","Product Name":"해표 카놀라유, 900ml, 3개","Price":"11,800","Delivery":"내일(화) 도착 보장","Product URL":"https:\/\/www.coupang.com\/vp\/products\/988704?itemId=27647281&vendorItemId=84994382771&sourceType=CATEGORY&categoryId=194176"},{"Product ID":"2146550469","Category":"food","Product Name":"큐원 갈색설탕, 3kg, 2개","Price":"14,100","Delivery":"내일(화) 도착 예정","Product URL":"https:\/\/www.coupang.com\/vp\/products\/2146550469?itemId=17910177317&vendorItemId=84189652870&sourceType=CATEGORY&categoryId=194176"},{"Product ID":"7757580187","Category":"food","Product Name":"연세두유 뼈를 생각한 고칼슘 두유 검은콩, 190ml, 24개","Price":"10,470","Delivery":"내일(화) 도착 보장","Product URL":"https:\/\/www.coupang.com\/vp\/products\/7757580187?itemId=21693146957&vendorItemId=3475718842&sourceType=CATEGORY&categoryId=194176"},{"Product ID":"1194639177","Category":"food","Product Name":"곰곰 반숙란 (냉장), 20구, 1개","Price":"9,550","Delivery":"내일(화) 새벽 도착 보장","Product URL":"https:\/\/www.coupang.com\/vp\/products\/1194639177?itemId=2177439743&vendorItemId=70175514691&pickType=COU_PICK&sourceType=CATEGORY&categoryId=194176"},{"Product ID":"193942663","Category":"food","Product Name":"기꼬만 코이다시 혼쯔유, 500ml, 1개","Price":"10,300","Delivery":"모레(수) 도착 예정","Product URL":"https:\/\/www.coupang.com\/vp\/products\/193942663?itemId=18564888551&vendorItemId=87441465082&sourceType=CATEGORY&categoryId=194176"},{"Product ID":"7958974","Category":"food","Product Name":"농심 신라면 120g, 5개","Price":"7,200","Delivery":"6\/13(목) 도착 예정","Product URL":"https:\/\/www.coupang.com\/vp\/products\/7958974?itemId=21054578637&vendorItemId=87775332908&sourceType=CATEGORY&categoryId=194176"},{"Product ID":"6830320694","Category":"food","Product Name":"스파클 생수 무라벨, 500ml, 40개","Price":"8,690","Delivery":"내일(화) 도착 예정","Product URL":"https:\/\/www.coupang.com\/vp\/products\/6830320694?itemId=19751768427&vendorItemId=83406358826&sourceType=CATEGORY&categoryId=194176"},{"Product ID":"5625704601","Category":"food","Product Name":"탐사수 무라벨, 500ml, 40개","Price":"8,590","Delivery":"내일(화) 도착 보장","Product URL":"https:\/\/www.coupang.com\/vp\/products\/5625704601?itemId=9133866797&vendorItemId=79544780492&sourceType=CATEGORY&categoryId=194176"},{"Product ID":"988704","Category":"food","Product Name":"카놀라유900ml\/해표, 900ml, 1개","Price":"11,860","Delivery":"모레(수) 도착 예정","Product URL":"https:\/\/www.coupang.com\/vp\/products\/988704?itemId=10674744442&vendorItemId=3043960097&sourceType=CATEGORY&categoryId=194176"},{"Product ID":"7139315300","Category":"food","Product Name":"큐원 하얀 설탕, 1개, 15kg","Price":"23,560","Delivery":"내일(화) 도착 보장","Product URL":"https:\/\/www.coupang.com\/vp\/products\/7139315300?itemId=16584760&vendorItemId=3005825349&sourceType=CATEGORY&categoryId=194176"},{"Product ID":"5585425593","Category":"food","Product Name":"제주 삼다수, 2L, 12개","Price":"12,960","Delivery":"내일(화) 도착 보장","Product URL":"https:\/\/www.coupang.com\/vp\/products\/5585425593?itemId=20271971689&vendorItemId=86469811094&sourceType=CATEGORY&categoryId=194176"},{"Product ID":"6955197525","Category":"food","Product Name":"코카콜라 제로 무라벨, 370ml, 24개","Price":"19,960","Delivery":"내일(화) 도착 보장","Product URL":"https:\/\/www.coupang.com\/vp\/products\/6955197525?itemId=17771296119&vendorItemId=88377301303&sourceType=CATEGORY&categoryId=194176"},{"Product ID":"166996432","Category":"food","Product Name":"곰곰 소중한 우리쌀 2023년(햅쌀), 10kg(상등급), 1개","Price":"27,790","Delivery":"내일(화) 도착 보장","Product URL":"https:\/\/www.coupang.com\/vp\/products\/166996432?itemId=478240933&vendorItemId=4200250100&sourceType=CATEGORY&categoryId=194176"},{"Product ID":"29242","Category":"food","Product Name":"미국 유기농 사과식초 건강한 사과초모식초, 946ml, 1개","Price":"27,000","Delivery":"6\/13(목) 도착 예정","Product URL":"https:\/\/www.coupang.com\/vp\/products\/29242?itemId=19962425861&vendorItemId=87061129351&sourceType=CATEGORY&categoryId=194176"},{"Product ID":"7778899675","Category":"food","Product Name":"립톤 아이스티 분말 복숭아맛, 1.5kg, 1개","Price":"13,160","Delivery":"내일(화) 도착 보장","Product URL":"https:\/\/www.coupang.com\/vp\/products\/7778899675?itemId=21019193189&vendorItemId=90043575627&sourceType=CATEGORY&categoryId=194176"},{"Product ID":"1555437291","Category":"food","Product Name":"블루다이아몬드 아몬드 브리즈 오리지널, 190ml, 24개","Price":"14,110","Delivery":"내일(화) 새벽 도착 보장","Product URL":"https:\/\/www.coupang.com\/vp\/products\/1555437291?itemId=2660441778&vendorItemId=70651088852&sourceType=CATEGORY&categoryId=194176"},{"Product ID":"7118492748","Category":"food","Product Name":"한강식품 IQF 무항생제 닭가슴살 (냉동), 1kg, 1개","Price":"9,990","Delivery":"내일(화) 새벽 도착 보장","Product URL":"https:\/\/www.coupang.com\/vp\/products\/7118492748?itemId=17816949470&vendorItemId=84980884005&sourceType=CATEGORY&categoryId=194176"},{"Product ID":"196473","Category":"food","Product Name":"육개장 사발면 86g, 6개","Price":"9,900","Delivery":"모레(수) 도착 예정","Product URL":"https:\/\/www.coupang.com\/vp\/products\/196473?itemId=18795990451&vendorItemId=88775561953&sourceType=CATEGORY&categoryId=194176"},{"Product ID":"5269360716","Category":"food","Product Name":"강원평창수 무라벨 생수, 500ml, 40개","Price":"11,890","Delivery":"6\/13(목) 도착 예정","Product URL":"https:\/\/www.coupang.com\/vp\/products\/5269360716?itemId=18798892691&vendorItemId=88493199491&sourceType=CATEGORY&categoryId=194176"},{"Product ID":"487322","Category":"food","Product Name":"해표 식용유, 1.8L, 2개","Price":"11,560","Delivery":"내일(화) 도착 보장","Product URL":"https:\/\/www.coupang.com\/vp\/products\/487322?itemId=231349355&vendorItemId=84994378244&sourceType=CATEGORY&categoryId=194176"},{"Product ID":"5341974172","Category":"food","Product Name":"곰곰 당도선별 수박 (11 brix 이상), 8kg미만, 1개","Price":"17,500","Delivery":"내일(화) 새벽 도착 보장","Product URL":"https:\/\/www.coupang.com\/vp\/products\/5341974172?itemId=8532631174&vendorItemId=75820067773&sourceType=CATEGORY&categoryId=194176"},{"Product ID":"7251153411","Category":"food","Product Name":"당도선별 11brix 수박, 8kg 미만, 1개","Price":"17,500","Delivery":"내일(화) 새벽 도착 보장","Product URL":"https:\/\/www.coupang.com\/vp\/products\/7251153411?itemId=19156823308&vendorItemId=86275611360&sourceType=CATEGORY&categoryId=194176"},{"Product ID":"840193","Category":"food","Product Name":"오뚜기 양조식초, 1.8L, 1개","Price":"9,499,900","Delivery":"6\/14(금) 도착 예정","Product URL":"https:\/\/www.coupang.com\/vp\/products\/840193?itemId=22082010313&vendorItemId=89129056928&sourceType=CATEGORY&categoryId=194176"},{"Product ID":"7525033092","Category":"food","Product Name":"맥심 모카골드 마일드 커피믹스, 12g, 160개입, 2박스","Price":"42,200","Delivery":"내일(화) 도착 보장","Product URL":"https:\/\/www.coupang.com\/vp\/products\/7525033092?itemId=29650653&vendorItemId=85072690879&sourceType=CATEGORY&categoryId=194176"},{"Product ID":"7896909510","Category":"food","Product Name":"한음미가 우리쌀 백미 상등급, 20kg, 1개","Price":"45,900","Delivery":"내일(화) 도착 보장","Product URL":"https:\/\/www.coupang.com\/vp\/products\/7896909510?itemId=21612924493&vendorItemId=88664053028&sourceType=CATEGORY&categoryId=194176"},{"Product ID":"1308889924","Category":"food","Product Name":"곰곰 슈레드 모짜렐라 치즈, 1kg, 1개","Price":"10,860","Delivery":"내일(화) 새벽 도착 보장","Product URL":"https:\/\/www.coupang.com\/vp\/products\/1308889924?itemId=2325255337&vendorItemId=70321898123&sourceType=CATEGORY&categoryId=194176"},{"Product ID":"6215299058","Category":"food","Product Name":"농심 짜파게티 140g 5개","Price":"8,460","Delivery":"6\/13(목) 도착 예정","Product URL":"https:\/\/www.coupang.com\/vp\/products\/6215299058?itemId=20801499419&vendorItemId=87710150069&sourceType=CATEGORY&categoryId=194176"},{"Product ID":"6795965704","Category":"food","Product Name":"하림 닭가슴살 블랙페퍼 8개입, 800g, 1개","Price":"15,800","Delivery":"내일(화) 새벽 도착 보장","Product URL":"https:\/\/www.coupang.com\/vp\/products\/6795965704?itemId=12628460347&vendorItemId=79896126181&sourceType=CATEGORY&categoryId=194176"},{"Product ID":"7311127161","Category":"food","Product Name":"곰곰 무항생제 신선한 왕란 30구, 1팩","Price":"9,990","Delivery":"내일(화) 새벽 도착 보장","Product URL":"https:\/\/www.coupang.com\/vp\/products\/7311127161?itemId=18730058952&vendorItemId=85862634174&sourceType=CATEGORY&categoryId=194176"},{"Product ID":"6954270009","Category":"food","Product Name":"아이시스 8.0 무라벨 ECO 생수, 300ml, 40개","Price":"10,770","Delivery":"내일(화) 도착 보장","Product URL":"https:\/\/www.coupang.com\/vp\/products\/6954270009?itemId=21670463219&vendorItemId=86467813948&sourceType=CATEGORY&categoryId=194176"},{"Product ID":"7235457880","Category":"food","Product Name":"오뚜기 맛있는 오뚜기밥, 210g, 24개","Price":"19,350","Delivery":"내일(화) 도착 보장","Product URL":"https:\/\/www.coupang.com\/vp\/products\/7235457880?itemId=19518631622&vendorItemId=3050972695&sourceType=CATEGORY&categoryId=194176"},{"Product ID":"6396290287","Category":"food","Product Name":"딜리조이 맥반석 구운란, 30구, 1개","Price":"10,750","Delivery":"내일(화) 새벽 도착 보장","Product URL":"https:\/\/www.coupang.com\/vp\/products\/6396290287?itemId=13659358674&vendorItemId=80911810136&sourceType=CATEGORY&categoryId=194176"},{"Product ID":"7235457880","Category":"food","Product Name":"오뚜기 맛있는 오뚜기밥, 210g, 12개","Price":"10,380","Delivery":"내일(화) 도착 보장","Product URL":"https:\/\/www.coupang.com\/vp\/products\/7235457880?itemId=18037601488&vendorItemId=80641989278&sourceType=CATEGORY&categoryId=194176"},{"Product ID":"162464619","Category":"food","Product Name":"하림 자연실록 무항생제 인증 닭다리살 정육 (냉장), 350g, 2팩","Price":"12,850","Delivery":"내일(화) 새벽 도착 보장","Product URL":"https:\/\/www.coupang.com\/vp\/products\/162464619?itemId=2742822352&vendorItemId=70732857640&sourceType=CATEGORY&categoryId=194176"},{"Product ID":"6993963799","Category":"food","Product Name":"녹색계란 대란, 30구, 2개","Price":"14,980","Delivery":"내일(화) 새벽 도착 보장","Product URL":"https:\/\/www.coupang.com\/vp\/products\/6993963799?itemId=17126540943&vendorItemId=84299755855&sourceType=CATEGORY&categoryId=194176"},{"Product ID":"3955632","Category":"food","Product Name":"연세우유 멸균 흰우유, 190ml, 24개","Price":"15,400","Delivery":"내일(화) 도착 보장","Product URL":"https:\/\/www.coupang.com\/vp\/products\/3955632?itemId=19336360&vendorItemId=90083625528&sourceType=CATEGORY&categoryId=194176"},{"Product ID":"329389373","Category":"food","Product Name":"블루다이아몬드 아몬드 브리즈 언스위트, 190ml, 24개","Price":"15,240","Delivery":"내일(화) 도착 보장","Product URL":"https:\/\/www.coupang.com\/vp\/products\/329389373?itemId=15581584012&vendorItemId=3006697064&sourceType=CATEGORY&categoryId=194176"},{"Product ID":"5654840286","Category":"food","Product Name":"다이어트 허쉬 코코아 파우더 무설탕 가루 226g, 1개","Price":"9,600","Delivery":"모레(수) 도착 예정","Product URL":"https:\/\/www.coupang.com\/vp\/products\/5654840286?itemId=22380730542&vendorItemId=90072126313&sourceType=CATEGORY&categoryId=194176"},{"Product ID":"7623790443","Category":"food","Product Name":"대추방울토마토, 2kg, 1박스","Price":"12,210","Delivery":"내일(화) 새벽 도착 보장","Product URL":"https:\/\/www.coupang.com\/vp\/products\/7623790443?itemId=20935195373&vendorItemId=88001760414&sourceType=CATEGORY&categoryId=194176"},{"Product ID":"6627109979","Category":"food","Product Name":"곰곰 냉동 블루베리, 1kg, 1개","Price":"9,990","Delivery":"내일(화) 새벽 도착 보장","Product URL":"https:\/\/www.coupang.com\/vp\/products\/6627109979?itemId=933346428&vendorItemId=5313167830&sourceType=CATEGORY&categoryId=194176"},{"Product ID":"7235302196","Category":"food","Product Name":"샘표 진간장 금F3, 860ml, 2개","Price":"8,420","Delivery":"내일(화) 도착 보장","Product URL":"https:\/\/www.coupang.com\/vp\/products\/7235302196?itemId=17556747077&vendorItemId=84723560399&sourceType=CATEGORY&categoryId=194176"},{"Product ID":"6830320694","Category":"food","Product Name":"스파클 생수 무라벨, 500ml, 100개","Price":"18,430","Delivery":"내일(화) 도착 예정","Product URL":"https:\/\/www.coupang.com\/vp\/products\/6830320694?itemId=19073191066&vendorItemId=83406359019&sourceType=CATEGORY&categoryId=194176"},{"Product ID":"6654766761","Category":"food","Product Name":"블루다이아몬드 아몬드 브리즈 오리지널, 190ml, 24개","Price":"14,110","Delivery":"내일(화) 도착 보장","Product URL":"https:\/\/www.coupang.com\/vp\/products\/6654766761?itemId=15613010702&vendorItemId=3006697063&sourceType=CATEGORY&categoryId=194176"},{"Product ID":"4876313878","Category":"food","Product Name":"농심 백산수, 2L, 12개","Price":"10,190","Delivery":"내일(화) 도착 보장","Product URL":"https:\/\/www.coupang.com\/vp\/products\/4876313878?itemId=14902361999&vendorItemId=3000337038&sourceType=CATEGORY&categoryId=194176"},{"Product ID":"5071892418","Category":"food","Product Name":"펩시 제로슈거 라임향, 210ml, 30개","Price":"14,680","Delivery":"내일(화) 도착 보장","Product URL":"https:\/\/www.coupang.com\/vp\/products\/5071892418?itemId=18296977677&vendorItemId=74157319832&sourceType=CATEGORY&categoryId=194176"},{"Product ID":"5625704601","Category":"food","Product Name":"탐사수 무라벨, 500ml, 60개","Price":"12,590","Delivery":"내일(화) 도착 보장","Product URL":"https:\/\/www.coupang.com\/vp\/products\/5625704601?itemId=11696970903&vendorItemId=79547658934&sourceType=CATEGORY&categoryId=194176"},{"Product ID":"7258319114","Category":"food","Product Name":"스키피 수퍼 청크 피넛 버터, 462g, 1개","Price":"7,490","Delivery":"내일(화) 도착 보장","Product URL":"https:\/\/www.coupang.com\/vp\/products\/7258319114?itemId=6121350874&vendorItemId=70524005639&sourceType=CATEGORY&categoryId=194176"},{"Product ID":"6122298140","Category":"food","Product Name":"자연애찬 동물복지 무항생제 자유방목 유정란 1번란, 15구, 1개","Price":"8,980","Delivery":"내일(화) 새벽 도착 보장","Product URL":"https:\/\/www.coupang.com\/vp\/products\/6122298140?itemId=11613371069&vendorItemId=78888050660&sourceType=CATEGORY&categoryId=194176"},{"Product ID":"7398770446","Category":"food","Product Name":"미농 임금님 수라쌀, 10kg, 1개","Price":"24,900","Delivery":"내일(화) 도착 보장","Product URL":"https:\/\/www.coupang.com\/vp\/products\/7398770446?itemId=19145429904&vendorItemId=86264588092&sourceType=CATEGORY&categoryId=194176"},{"Product ID":"7958974","Category":"food","Product Name":"농심 신라면 120g, 40개","Price":"34,500","Delivery":"모레(수) 도착 예정","Product URL":"https:\/\/www.coupang.com\/vp\/products\/7958974?itemId=18677255693&vendorItemId=87372592460&sourceType=CATEGORY&categoryId=194176"},{"Product ID":"7075133888","Category":"food","Product Name":"농협안심한우 정육 세절 1등급 국거리용 (냉장), 300g, 1팩","Price":"11,670","Delivery":"내일(화) 새벽 도착 보장","Product URL":"https:\/\/www.coupang.com\/vp\/products\/7075133888?itemId=17582710388&vendorItemId=84749285821&sourceType=CATEGORY&categoryId=194176"},{"Product ID":"7411095382","Category":"food","Product Name":"tft 더단백 드링크 초코, 250ml, 18개","Price":"24,580","Delivery":"내일(화) 도착 보장","Product URL":"https:\/\/www.coupang.com\/vp\/products\/7411095382?itemId=13466502453&vendorItemId=76137436686&sourceType=CATEGORY&categoryId=194176"},{"Product ID":"7811527978","Category":"food","Product Name":"카무트 골드 카무트 효소 30p, 90g, 3개","Price":"60,420","Delivery":"모레(수) 도착 예정","Product URL":"https:\/\/www.coupang.com\/vp\/products\/7811527978?itemId=22846081903&vendorItemId=90242993430&sourceType=CATEGORY&categoryId=194176"},{"Product ID":"8000325156","Category":"food","Product Name":"더빅토리아 자두 탄산수, 20개, 500ml","Price":"11,020","Delivery":"내일(화) 도착 보장","Product URL":"https:\/\/www.coupang.com\/vp\/products\/8000325156?itemId=22276828691&vendorItemId=89338479958&sourceType=CATEGORY&categoryId=194176"},{"Product ID":"7139315300","Category":"food","Product Name":"큐원 하얀설탕3kg \/ 백설탕 흰설탕 정백당 삼양사, 1개, 3kg","Price":"10,150","Delivery":"모레(수) 도착 예정","Product URL":"https:\/\/www.coupang.com\/vp\/products\/7139315300?itemId=18798269410&vendorItemId=87757974936&sourceType=CATEGORY&categoryId=194176"},{"Product ID":"5341974172","Category":"food","Product Name":"곰곰 당도선별 수박 (11 brix 이상), 6kg미만, 1개","Price":"15,500","Delivery":"내일(화) 새벽 도착 보장","Product URL":"https:\/\/www.coupang.com\/vp\/products\/5341974172?itemId=7833549308&vendorItemId=75123335503&sourceType=CATEGORY&categoryId=194176"},{"Product ID":"6858666780","Category":"food","Product Name":"사조참치 살코기 안심따개, 100g, 8개","Price":"10,940","Delivery":"내일(화) 도착 보장","Product URL":"https:\/\/www.coupang.com\/vp\/products\/6858666780?itemId=17905767321&vendorItemId=85072694749&sourceType=CATEGORY&categoryId=194176"},{"Product ID":"96553","Category":"food","Product Name":"청정원 요리 올리고당 1.2kg 맛탕 강정 볶음 조림, 2개","Price":"10,400","Delivery":"모레(수) 도착 예정","Product URL":"https:\/\/www.coupang.com\/vp\/products\/96553?itemId=20542781528&vendorItemId=87216142252&sourceType=CATEGORY&categoryId=194176"},{"Product ID":"2146550469","Category":"food","Product Name":"큐원 갈색설탕, 3kg, 1개","Price":"8,540","Delivery":"모레(수) 도착 예정","Product URL":"https:\/\/www.coupang.com\/vp\/products\/2146550469?itemId=17611673464&vendorItemId=86421481280&sourceType=CATEGORY&categoryId=194176"},{"Product ID":"8017247014","Category":"food","Product Name":"팔도 비락 식혜제로 238ml 24캔, 24개","Price":"13,200","Delivery":"모레(수) 도착 예정","Product URL":"https:\/\/www.coupang.com\/vp\/products\/8017247014?itemId=19507374690&vendorItemId=89322092430&sourceType=CATEGORY&categoryId=194176"},{"Product ID":"7840550303","Category":"food","Product Name":"모닝캄 생수 유라벨 물 먹는샘물, 2L, 12개","Price":"7,900","Delivery":"6\/13(목) 도착 예정","Product URL":"https:\/\/www.coupang.com\/vp\/products\/7840550303?itemId=21498435687&vendorItemId=88698283154&sourceType=CATEGORY&categoryId=194176"},{"Product ID":"7869554357","Category":"food","Product Name":"동원샘물 무라벨 2L 암반수, 12개","Price":"9,940","Delivery":"모레(수) 도착 예정","Product URL":"https:\/\/www.coupang.com\/vp\/products\/7869554357?itemId=14708749623&vendorItemId=81949514506&sourceType=CATEGORY&categoryId=194176"},{"Product ID":"35267","Category":"food","Product Name":"오뚜기 토마토 케찹 800g (튜브), 1개","Price":"4,300","Delivery":"6\/14(금) 도착 예정","Product URL":"https:\/\/www.coupang.com\/vp\/products\/35267?itemId=19713437426&vendorItemId=71695629756&sourceType=CATEGORY&categoryId=194176"},{"Product ID":"6514381325","Category":"food","Product Name":"오늘출발 오뚜기 순후추 100g 1개","Price":"8,000","Delivery":"모레(수) 도착 예정","Product URL":"https:\/\/www.coupang.com\/vp\/products\/6514381325?itemId=18781779586&vendorItemId=86773744579&sourceType=CATEGORY&categoryId=194176"},{"Product ID":"2278837","Category":"food","Product Name":"농심 얼큰한너구리, 5개","Price":"7,000","Delivery":"모레(수) 도착 예정","Product URL":"https:\/\/www.coupang.com\/vp\/products\/2278837?itemId=188578&vendorItemId=71995324623&sourceType=CATEGORY&categoryId=194176"},{"Product ID":"6830320694","Category":"food","Product Name":"스파클 생수 무라벨, 2L, 36개","Price":"19,900","Delivery":"내일(화) 도착 예정","Product URL":"https:\/\/www.coupang.com\/vp\/products\/6830320694?itemId=18354584884&vendorItemId=83406358856&sourceType=CATEGORY&categoryId=194176"},{"Product ID":"7216495213","Category":"food","Product Name":"매일바이오 그릭요거트, 400g, 2개","Price":"7,680","Delivery":"내일(화) 새벽 도착 보장","Product URL":"https:\/\/www.coupang.com\/vp\/products\/7216495213?itemId=18276534652&vendorItemId=85422597428&sourceType=CATEGORY&categoryId=194176"},{"Product ID":"5498533952","Category":"food","Product Name":"종근당 락토핏 생유산균 코어 1통(2개월분) 생 유산균, 120g, 1개","Price":"15,400","Delivery":"모레(수) 도착 예정","Product URL":"https:\/\/www.coupang.com\/vp\/products\/5498533952?itemId=20578468219&vendorItemId=87904149131&sourceType=CATEGORY&categoryId=194176"},{"Product ID":"1083499625","Category":"food","Product Name":"맥심 카누 마일드 로스트 아메리카노, 0.9g, 90개입, 1개","Price":"19,490","Delivery":"내일(화) 도착 보장","Product URL":"https:\/\/www.coupang.com\/vp\/products\/1083499625?itemId=514871878&vendorItemId=4326010075&sourceType=CATEGORY&categoryId=194176"},{"Product ID":"6215299058","Category":"food","Product Name":"농심 올리브 짜파게티, 10개","Price":"11,500","Delivery":"모레(수) 도착 예정","Product URL":"https:\/\/www.coupang.com\/vp\/products\/6215299058?itemId=21273640535&vendorItemId=71197087763&sourceType=CATEGORY&categoryId=194176"},{"Product ID":"5341974172","Category":"food","Product Name":"곰곰 당도선별 수박 (11 brix 이상), 7kg미만, 1개","Price":"16,500","Delivery":"내일(화) 새벽 도착 보장","Product URL":"https:\/\/www.coupang.com\/vp\/products\/5341974172?itemId=8532631169&vendorItemId=75820067736&sourceType=CATEGORY&categoryId=194176"},{"Product ID":"7235432441","Category":"food","Product Name":"오뚜기 옛날 참기름 500ML, 1개","Price":"26,410","Delivery":"모레(수) 도착 예정","Product URL":"https:\/\/www.coupang.com\/vp\/products\/7235432441?itemId=19516348887&vendorItemId=88147289161&sourceType=CATEGORY&categoryId=194176"},{"Product ID":"4738762622","Category":"food","Product Name":"코카콜라 업소용, 500ml, 24개","Price":"9,600","Delivery":"내일(화) 도착 예정","Product URL":"https:\/\/www.coupang.com\/vp\/products\/4738762622?itemId=23035880996&vendorItemId=89609370298&sourceType=CATEGORY&categoryId=194176"},{"Product ID":"7219490103","Category":"food","Product Name":"수향미 골든퀸 3호 백미, 10kg, 1개","Price":"36,180","Delivery":"내일(화) 도착 보장","Product URL":"https:\/\/www.coupang.com\/vp\/products\/7219490103?itemId=18291189426&vendorItemId=88741388163&sourceType=CATEGORY&categoryId=194176"},{"Product ID":"119465439","Category":"food","Product Name":"상하목장 유기농 우유, 125ml, 24개","Price":"18,430","Delivery":"내일(화) 도착 보장","Product URL":"https:\/\/www.coupang.com\/vp\/products\/119465439?itemId=17708983309&vendorItemId=3000244424&sourceType=CATEGORY&categoryId=194176"},{"Product ID":"7711042596","Category":"food","Product Name":"1일1레몬 유기농 100% 리얼착즙 레몬즙 20gX14포X2박스, 280g, 14개, 2박스","Price":"32,830","Delivery":"내일(화) 도착 예정","Product URL":"https:\/\/www.coupang.com\/vp\/products\/7711042596?itemId=21633353681&vendorItemId=88778820824&sourceType=CATEGORY&categoryId=194176"},{"Product ID":"5809535819","Category":"food","Product Name":"곰곰 냉동 망고, 1kg, 1개","Price":"7,990","Delivery":"내일(화) 새벽 도착 보장","Product URL":"https:\/\/www.coupang.com\/vp\/products\/5809535819?itemId=9990328203&vendorItemId=77273377566&sourceType=CATEGORY&categoryId=194176"},{"Product ID":"7235457880","Category":"food","Product Name":"오뚜기 맛있는 오뚜기밥, 210g, 36개","Price":"25,960","Delivery":"내일(화) 도착 보장","Product URL":"https:\/\/www.coupang.com\/vp\/products\/7235457880?itemId=16059698868&vendorItemId=81917799353&sourceType=CATEGORY&categoryId=194176"},{"Product ID":"7769994860","Category":"food","Product Name":"종가 맛김치 PET, 1.2kg, 1개","Price":"12,900","Delivery":"내일(화) 새벽 도착 보장","Product URL":"https:\/\/www.coupang.com\/vp\/products\/7769994860?itemId=17319879727&vendorItemId=84490613956&sourceType=CATEGORY&categoryId=194176"},{"Product ID":"7251153411","Category":"food","Product Name":"당도선별 11brix 수박, 10kg 미만, 1개","Price":"19,500","Delivery":"내일(화) 새벽 도착 보장","Product URL":"https:\/\/www.coupang.com\/vp\/products\/7251153411?itemId=2952692820&vendorItemId=86275611371&sourceType=CATEGORY&categoryId=194176"},{"Product ID":"6261799887","Category":"food","Product Name":"테메레 유기농 홀그레인 머스타드, 200g, 1개","Price":"7,340","Delivery":"내일(화) 도착 보장","Product URL":"https:\/\/www.coupang.com\/vp\/products\/6261799887?itemId=909016516&vendorItemId=5275364328&sourceType=CATEGORY&categoryId=194176"},{"Product ID":"7075663719","Category":"food","Product Name":"팔도 비빔면, 10개","Price":"9,560","Delivery":"내일(화) 도착 예정","Product URL":"https:\/\/www.coupang.com\/vp\/products\/7075663719?itemId=20696342399&vendorItemId=90136389032&sourceType=CATEGORY&categoryId=194176"},{"Product ID":"7358278791","Category":"food","Product Name":"종근당건강 프로메가 알티지 오메가3 듀얼 플러스, 60정, 3개","Price":"35,400","Delivery":"내일(화) 도착 보장","Product URL":"https:\/\/www.coupang.com\/vp\/products\/7358278791?itemId=19421831884&vendorItemId=78766007743&sourceType=CATEGORY&categoryId=194176"},{"Product ID":"156688977","Category":"food","Product Name":"다향오리 1등급 훈제 오리 슬라이스, 600g, 1개","Price":"13,180","Delivery":"내일(화) 새벽 도착 보장","Product URL":"https:\/\/www.coupang.com\/vp\/products\/156688977?itemId=451180258&vendorItemId=4117267681&sourceType=CATEGORY&categoryId=194176"},{"Product ID":"2146550469","Category":"food","Product Name":"큐원 갈색설탕, 3kg, 4개","Price":"23,100","Delivery":"내일(화) 도착 예정","Product URL":"https:\/\/www.coupang.com\/vp\/products\/2146550469?itemId=18172887934&vendorItemId=83885678264&sourceType=CATEGORY&categoryId=194176"},{"Product ID":"1024138","Category":"food","Product Name":"몬 현미 월남쌈(원형) 200g 16cm, 1개","Price":"2,600","Delivery":"6\/13(목) 도착 예정","Product URL":"https:\/\/www.coupang.com\/vp\/products\/1024138?itemId=21440544552&vendorItemId=85619435089&sourceType=CATEGORY&categoryId=194176"},{"Product ID":"7372582856","Category":"food","Product Name":"뉴케어 구수한맛 완전균형영양식, 30개, 200ml","Price":"44,490","Delivery":"내일(화) 도착 보장","Product URL":"https:\/\/www.coupang.com\/vp\/products\/7372582856?itemId=19521127358&vendorItemId=5457599918&sourceType=CATEGORY&categoryId=194176"},{"Product ID":"5625704601","Category":"food","Product Name":"탐사수 무라벨, 2L, 36개","Price":"16,800","Delivery":"내일(화) 도착 보장","Product URL":"https:\/\/www.coupang.com\/vp\/products\/5625704601?itemId=19013169354&vendorItemId=86137789886&sourceType=CATEGORY&categoryId=194176"},{"Product ID":"4975075206","Category":"food","Product Name":"서울우유 멸균 흰우유, 1L, 10개","Price":"18,050","Delivery":"내일(화) 도착 보장","Product URL":"https:\/\/www.coupang.com\/vp\/products\/4975075206?itemId=18639195957&vendorItemId=3001406678&sourceType=CATEGORY&categoryId=194176"},{"Product ID":"1017437","Category":"food","Product Name":"리챔 오리지널 햄통조림, 200g, 6개","Price":"7,990","Delivery":"모레(수) 도착 예정","Product URL":"https:\/\/www.coupang.com\/vp\/products\/1017437?itemId=22435575880&vendorItemId=89480142142&sourceType=CATEGORY&categoryId=194176"},{"Product ID":"5269360716","Category":"food","Product Name":"강원평창수 무라벨 생수, 2L, 12개","Price":"25,820","Delivery":"6\/14(금) 도착 예정","Product URL":"https:\/\/www.coupang.com\/vp\/products\/5269360716?itemId=18353155505&vendorItemId=88870397766&sourceType=CATEGORY&categoryId=194176"},{"Product ID":"7732465675","Category":"food","Product Name":"수향미 골든퀸 3호 백미 특등급, 10kg, 1개","Price":"38,800","Delivery":"내일(화) 도착 보장","Product URL":"https:\/\/www.coupang.com\/vp\/products\/7732465675?itemId=20782037593&vendorItemId=88616718460&sourceType=CATEGORY&categoryId=194176"},{"Product ID":"6384738608","Category":"food","Product Name":"펩시 제로슈거 콜라 라임향, 1.5L, 12개","Price":"23,000","Delivery":"모레(수) 도착 예정","Product URL":"https:\/\/www.coupang.com\/vp\/products\/6384738608?itemId=21534128269&vendorItemId=89535853607&sourceType=CATEGORY&categoryId=194176"},{"Product ID":"8106657454","Category":"food","Product Name":"햇반 작은 공기 130g x36, 36개","Price":"25,010","Delivery":"모레(수) 도착 예정","Product URL":"https:\/\/www.coupang.com\/vp\/products\/8106657454?itemId=22948704786&vendorItemId=83934810016&sourceType=CATEGORY&categoryId=194176"},{"Product ID":"6239512369","Category":"food","Product Name":"풀무원 샘물 무라벨 2L 6입 X 2개 총12개, 12개","Price":"11,900","Delivery":"모레(수) 도착 예정","Product URL":"https:\/\/www.coupang.com\/vp\/products\/6239512369?itemId=21509521183&vendorItemId=88563030471&sourceType=CATEGORY&categoryId=194176"},{"Product ID":"7405145082","Category":"food","Product Name":"펩시 콜라 제로슈가 라임향, 48개, 355ml","Price":"29,660","Delivery":"내일(화) 도착 보장","Product URL":"https:\/\/www.coupang.com\/vp\/products\/7405145082?itemId=17816747379&vendorItemId=86717791694&sourceType=CATEGORY&categoryId=194176"},{"Product ID":"319152577","Category":"food","Product Name":"칠성사이다, 210ml, 30개","Price":"13,850","Delivery":"내일(화) 도착 보장","Product URL":"https:\/\/www.coupang.com\/vp\/products\/319152577?itemId=19771677623&vendorItemId=3590493048&sourceType=CATEGORY&categoryId=194176"},{"Product ID":"7038409723","Category":"food","Product Name":"펩시 제로 슈거 라임향, 500ml, 24개","Price":"19,140","Delivery":"내일(화) 새벽 도착 보장","Product URL":"https:\/\/www.coupang.com\/vp\/products\/7038409723?itemId=19566239006&vendorItemId=86674098632&sourceType=CATEGORY&categoryId=194176"},{"Product ID":"5545887952","Category":"food","Product Name":"종근당 칼슘 앤 마그네슘 비타민D 아연, 180정, 1개","Price":"11,070","Delivery":"내일(화) 도착 보장","Product URL":"https:\/\/www.coupang.com\/vp\/products\/5545887952?itemId=14312173972&vendorItemId=3549112936&sourceType=CATEGORY&categoryId=194176"},{"Product ID":"6714158527","Category":"food","Product Name":"하인즈 토마토 케찹, 570g, 1개","Price":"7,400","Delivery":"모레(수) 도착 예정","Product URL":"https:\/\/www.coupang.com\/vp\/products\/6714158527?itemId=19736442821&vendorItemId=86953685382&sourceType=CATEGORY&categoryId=194176"},{"Product ID":"7447842898","Category":"food","Product Name":"나랑드사이다 제로, 24개, 245ml","Price":"21,800","Delivery":"6\/13(목) 도착 예정","Product URL":"https:\/\/www.coupang.com\/vp\/products\/7447842898?itemId=17979964376&vendorItemId=85136827991&sourceType=CATEGORY&categoryId=194176"},{"Product ID":"7431508110","Category":"food","Product Name":"고려은단 비타민C 1000 + 쇼핑백, 180정, 2개","Price":"33,900","Delivery":"내일(화) 도착 보장","Product URL":"https:\/\/www.coupang.com\/vp\/products\/7431508110?itemId=21006344519&vendorItemId=84995746489&sourceType=CATEGORY&categoryId=194176"},{"Product ID":"5585425593","Category":"food","Product Name":"제주 삼다수, 500ml, 40개","Price":"19,100","Delivery":"내일(화) 도착 보장","Product URL":"https:\/\/www.coupang.com\/vp\/products\/5585425593?itemId=19982637571&vendorItemId=86469813544&sourceType=CATEGORY&categoryId=194176"},{"Product ID":"6427547160","Category":"food","Product Name":"G7 블랙커피, 2g, 100개입, 1개","Price":"11,800","Delivery":"내일(화) 도착 보장","Product URL":"https:\/\/www.coupang.com\/vp\/products\/6427547160?itemId=19433822316&vendorItemId=3007019731&sourceType=CATEGORY&categoryId=194176"}]